canonical,duplicate,quarantine_target,moved
"gallagher 2/Video Sep 29 2024, 1 00 20 PM.mov","brundette/Video Jan 07 2026, 12 41 52 PM (3).mov","Wix (1)/_quarantine_duplicates/20260216-211126/brundette/Video Jan 07 2026, 12 41 52 PM (3).mov",yes
"gallagher 2/Video Sep 29 2024, 1 00 24 PM.mov","brundette/Video Jan 07 2026, 12 41 52 PM (2).mov","Wix (1)/_quarantine_duplicates/20260216-211126/brundette/Video Jan 07 2026, 12 41 52 PM (2).mov",yes
"gallagher 2/Video Sep 29 2024, 1 00 22 PM.mov","brundette/Video Jan 07 2026, 12 41 52 PM (4).mov","Wix (1)/_quarantine_duplicates/20260216-211126/brundette/Video Jan 07 2026, 12 41 52 PM (4).mov",yes
"gallagher 2/Video Sep 29 2024, 1 00 19 PM.mov","brundette/Video Jan 07 2026, 12 41 52 PM (1).mov","Wix (1)/_quarantine_duplicates/20260216-211126/brundette/Video Jan 07 2026, 12 41 52 PM (1).mov",yes
"7308 bob hanger/Video Mar 07 2023, 8 57 38 AM.mov","7308 bob hanger/Video Mar 07 2023, 8 57 38 AM (1).mov","Wix (1)/_quarantine_duplicates/20260216-211126/7308 bob hanger/Video Mar 07 2023, 8 57 38 AM (1).mov",yes
"7308 bob hanger/Video Mar 07 2023, 8 57 38 AM.mov","802 mango (1)/7308 bob hanger/Video Mar 07 2023, 8 57 38 AM.mov","Wix (1)/_quarantine_duplicates/20260216-211126/802 mango (1)/7308 bob hanger/Video Mar 07 2023, 8 57 38 AM.mov",yes
"7308 bob hanger/Photo Mar 07 2023, 8 58 39 AM.jpg","802 mango (1)/7308 bob hanger/Photo Mar 07 2023, 8 58 39 AM.jpg","Wix (1)/_quarantine_duplicates/20260216-211126/802 mango (1)/7308 bob hanger/Photo Mar 07 2023, 8 58 39 AM.jpg",yes
"7308 bob hanger/Video Oct 26 2022, 8 23 01 AM.mov","802 mango (1)/7308 bob hanger/Video Oct 26 2022, 8 23 01 AM.mov","Wix (1)/_quarantine_duplicates/20260216-211126/802 mango (1)/7308 bob hanger/Video Oct 26 2022, 8 23 01 AM.mov",yes
"7308 bob hanger/Photo Sep 28 2022, 10 36 29 AM.jpg","802 mango (1)/7308 bob hanger/Photo Sep 28 2022, 10 36 29 AM.jpg","Wix (1)/_quarantine_duplicates/20260216-211126/802 mango (1)/7308 bob hanger/Photo Sep 28 2022, 10 36 29 AM.jpg",yes
"7308 bob hanger/Photo Mar 07 2023, 8 58 24 AM.jpg","802 mango (1)/7308 bob hanger/Photo Mar 07 2023, 8 58 24 AM.jpg","Wix (1)/_quarantine_duplicates/20260216-211126/802 mango (1)/7308 bob hanger/Photo Mar 07 2023, 8 58 24 AM.jpg",yes
"7308 bob hanger/Photo Sep 28 2022, 10 36 18 AM.jpg","802 mango (1)/7308 bob hanger/Photo Sep 28 2022, 10 36 18 AM.jpg","Wix (1)/_quarantine_duplicates/20260216-211126/802 mango (1)/7308 bob hanger/Photo Sep 28 2022, 10 36 18 AM.jpg",yes
"7308 bob hanger/Photo Mar 07 2023, 8 58 38 AM.jpg","802 mango (1)/7308 bob hanger/Photo Mar 07 2023, 8 58 38 AM.jpg","Wix (1)/_quarantine_duplicates/20260216-211126/802 mango (1)/7308 bob hanger/Photo Mar 07 2023, 8 58 38 AM.jpg",yes
"7308 bob hanger/Photo Oct 26 2022, 8 24 36 AM.jpg","7308 bob hanger/Photo Oct 26 2022, 8 24 36 AM (1).jpg","Wix (1)/_quarantine_duplicates/20260216-211126/7308 bob hanger/Photo Oct 26 2022, 8 24 36 AM (1).jpg",yes
"7308 bob hanger/Video Sep 28 2022, 10 38 25 AM.mov","802 mango (1)/7308 bob hanger/Video Sep 28 2022, 10 38 25 AM.mov","Wix (1)/_quarantine_duplicates/20260216-211126/802 mango (1)/7308 bob hanger/Video Sep 28 2022, 10 38 25 AM.mov",yes
"flora/Photo Dec 19 2022, 5 18 11 PM.jpg","802 mango (1)/7308 bob hanger/7304 bob hanger/flora/Photo Dec 19 2022, 5 18 11 PM.jpg","Wix (1)/_quarantine_duplicates/20260216-211126/802 mango (1)/7308 bob hanger/7304 bob hanger/flora/Photo Dec 19 2022, 5 18 11 PM.jpg",yes
"flora/Photo Dec 19 2022, 5 17 10 PM.jpg","802 mango (1)/7308 bob hanger/7304 bob hanger/flora/Photo Dec 19 2022, 5 17 10 PM.jpg","Wix (1)/_quarantine_duplicates/20260216-211126/802 mango (1)/7308 bob hanger/7304 bob hanger/flora/Photo Dec 19 2022, 5 17 10 PM.jpg",yes
"flora/Photo Dec 19 2022, 5 17 49 PM.jpg","802 mango (1)/7308 bob hanger/7304 bob hanger/flora/Photo Dec 19 2022, 5 17 49 PM.jpg","Wix (1)/_quarantine_duplicates/20260216-211126/802 mango (1)/7308 bob hanger/7304 bob hanger/flora/Photo Dec 19 2022, 5 17 49 PM.jpg",yes
"flora/Photo Dec 19 2022, 5 21 42 PM.jpg","802 mango (1)/7308 bob hanger/7304 bob hanger/flora/Photo Dec 19 2022, 5 21 42 PM.jpg","Wix (1)/_quarantine_duplicates/20260216-211126/802 mango (1)/7308 bob hanger/7304 bob hanger/flora/Photo Dec 19 2022, 5 21 42 PM.jpg",yes
"flora/Photo Dec 19 2022, 5 20 27 PM.jpg","802 mango (1)/7308 bob hanger/7304 bob hanger/flora/Photo Dec 19 2022, 5 20 27 PM.jpg","Wix (1)/_quarantine_duplicates/20260216-211126/802 mango (1)/7308 bob hanger/7304 bob hanger/flora/Photo Dec 19 2022, 5 20 27 PM.jpg",yes
"flora/Photo Dec 19 2022, 5 20 48 PM.jpg","802 mango (1)/7308 bob hanger/7304 bob hanger/flora/Photo Dec 19 2022, 5 20 48 PM.jpg","Wix (1)/_quarantine_duplicates/20260216-211126/802 mango (1)/7308 bob hanger/7304 bob hanger/flora/Photo Dec 19 2022, 5 20 48 PM.jpg",yes
"flora/Photo Dec 19 2022, 5 16 16 PM.jpg","802 mango (1)/7308 bob hanger/7304 bob hanger/flora/Photo Dec 19 2022, 5 16 16 PM.jpg","Wix (1)/_quarantine_duplicates/20260216-211126/802 mango (1)/7308 bob hanger/7304 bob hanger/flora/Photo Dec 19 2022, 5 16 16 PM.jpg",yes
"flora/Photo Dec 19 2022, 5 20 03 PM.jpg","802 mango (1)/7308 bob hanger/7304 bob hanger/flora/Photo Dec 19 2022, 5 20 03 PM.jpg","Wix (1)/_quarantine_duplicates/20260216-211126/802 mango (1)/7308 bob hanger/7304 bob hanger/flora/Photo Dec 19 2022, 5 20 03 PM.jpg",yes
"flora/Photo Dec 19 2022, 5 19 17 PM.jpg","802 mango (1)/7308 bob hanger/7304 bob hanger/flora/Photo Dec 19 2022, 5 19 17 PM.jpg","Wix (1)/_quarantine_duplicates/20260216-211126/802 mango (1)/7308 bob hanger/7304 bob hanger/flora/Photo Dec 19 2022, 5 19 17 PM.jpg",yes
"flora/Photo Dec 19 2022, 5 15 35 PM.jpg","802 mango (1)/7308 bob hanger/7304 bob hanger/flora/Photo Dec 19 2022, 5 15 35 PM.jpg","Wix (1)/_quarantine_duplicates/20260216-211126/802 mango (1)/7308 bob hanger/7304 bob hanger/flora/Photo Dec 19 2022, 5 15 35 PM.jpg",yes
"flora/Photo Dec 19 2022, 5 20 58 PM.jpg","802 mango (1)/7308 bob hanger/7304 bob hanger/flora/Photo Dec 19 2022, 5 20 58 PM.jpg","Wix (1)/_quarantine_duplicates/20260216-211126/802 mango (1)/7308 bob hanger/7304 bob hanger/flora/Photo Dec 19 2022, 5 20 58 PM.jpg",yes
"flora/Photo Dec 19 2022, 5 16 53 PM.jpg","802 mango (1)/7308 bob hanger/7304 bob hanger/flora/Photo Dec 19 2022, 5 16 53 PM.jpg","Wix (1)/_quarantine_duplicates/20260216-211126/802 mango (1)/7308 bob hanger/7304 bob hanger/flora/Photo Dec 19 2022, 5 16 53 PM.jpg",yes
"flora/Photo Dec 19 2022, 5 16 06 PM.jpg","802 mango (1)/7308 bob hanger/7304 bob hanger/flora/Photo Dec 19 2022, 5 16 06 PM.jpg","Wix (1)/_quarantine_duplicates/20260216-211126/802 mango (1)/7308 bob hanger/7304 bob hanger/flora/Photo Dec 19 2022, 5 16 06 PM.jpg",yes
"flora/Photo Dec 19 2022, 5 21 19 PM.jpg","802 mango (1)/7308 bob hanger/7304 bob hanger/flora/Photo Dec 19 2022, 5 21 19 PM.jpg","Wix (1)/_quarantine_duplicates/20260216-211126/802 mango (1)/7308 bob hanger/7304 bob hanger/flora/Photo Dec 19 2022, 5 21 19 PM.jpg",yes
"flora/Photo Dec 19 2022, 5 18 29 PM.jpg","802 mango (1)/7308 bob hanger/7304 bob hanger/flora/Photo Dec 19 2022, 5 18 29 PM.jpg","Wix (1)/_quarantine_duplicates/20260216-211126/802 mango (1)/7308 bob hanger/7304 bob hanger/flora/Photo Dec 19 2022, 5 18 29 PM.jpg",yes
"flora/Photo Dec 19 2022, 5 21 31 PM.jpg","802 mango (1)/7308 bob hanger/7304 bob hanger/flora/Photo Dec 19 2022, 5 21 31 PM.jpg","Wix (1)/_quarantine_duplicates/20260216-211126/802 mango (1)/7308 bob hanger/7304 bob hanger/flora/Photo Dec 19 2022, 5 21 31 PM.jpg",yes
"flora/Photo Dec 19 2022, 5 17 30 PM.jpg","802 mango (1)/7308 bob hanger/7304 bob hanger/flora/Photo Dec 19 2022, 5 17 30 PM.jpg","Wix (1)/_quarantine_duplicates/20260216-211126/802 mango (1)/7308 bob hanger/7304 bob hanger/flora/Photo Dec 19 2022, 5 17 30 PM.jpg",yes
"flora/Video Sep 22 2022, 10 28 58 AM.mov","802 mango (1)/7308 bob hanger/7304 bob hanger/flora/Video Sep 22 2022, 10 28 58 AM.mov","Wix (1)/_quarantine_duplicates/20260216-211126/802 mango (1)/7308 bob hanger/7304 bob hanger/flora/Video Sep 22 2022, 10 28 58 AM.mov",yes
"flora/Photo Dec 19 2022, 5 18 52 PM.jpg","802 mango (1)/7308 bob hanger/7304 bob hanger/flora/Photo Dec 19 2022, 5 18 52 PM.jpg","Wix (1)/_quarantine_duplicates/20260216-211126/802 mango (1)/7308 bob hanger/7304 bob hanger/flora/Photo Dec 19 2022, 5 18 52 PM.jpg",yes
"flora/Video Aug 29 2022, 10 14 30 AM.mov","802 mango (1)/7308 bob hanger/7304 bob hanger/flora/Video Aug 29 2022, 10 14 30 AM.mov","Wix (1)/_quarantine_duplicates/20260216-211126/802 mango (1)/7308 bob hanger/7304 bob hanger/flora/Video Aug 29 2022, 10 14 30 AM.mov",yes
"flora/Photo Dec 19 2022, 5 18 40 PM.jpg","802 mango (1)/7308 bob hanger/7304 bob hanger/flora/Photo Dec 19 2022, 5 18 40 PM.jpg","Wix (1)/_quarantine_duplicates/20260216-211126/802 mango (1)/7308 bob hanger/7304 bob hanger/flora/Photo Dec 19 2022, 5 18 40 PM.jpg",yes
"flora/Photo Dec 19 2022, 5 18 19 PM.jpg","802 mango (1)/7308 bob hanger/7304 bob hanger/flora/Photo Dec 19 2022, 5 18 19 PM.jpg","Wix (1)/_quarantine_duplicates/20260216-211126/802 mango (1)/7308 bob hanger/7304 bob hanger/flora/Photo Dec 19 2022, 5 18 19 PM.jpg",yes
"flora/Photo Dec 19 2022, 5 19 01 PM.jpg","802 mango (1)/7308 bob hanger/7304 bob hanger/flora/Photo Dec 19 2022, 5 19 01 PM.jpg","Wix (1)/_quarantine_duplicates/20260216-211126/802 mango (1)/7308 bob hanger/7304 bob hanger/flora/Photo Dec 19 2022, 5 19 01 PM.jpg",yes
"flora/Photo Dec 19 2022, 5 20 15 PM.jpg","802 mango (1)/7308 bob hanger/7304 bob hanger/flora/Photo Dec 19 2022, 5 20 15 PM.jpg","Wix (1)/_quarantine_duplicates/20260216-211126/802 mango (1)/7308 bob hanger/7304 bob hanger/flora/Photo Dec 19 2022, 5 20 15 PM.jpg",yes
"flora/Video Aug 29 2022, 10 15 09 AM.mov","802 mango (1)/7308 bob hanger/7304 bob hanger/flora/Video Aug 29 2022, 10 15 09 AM.mov","Wix (1)/_quarantine_duplicates/20260216-211126/802 mango (1)/7308 bob hanger/7304 bob hanger/flora/Video Aug 29 2022, 10 15 09 AM.mov",yes
"flora/Video Aug 29 2022, 10 15 33 AM.mov","802 mango (1)/7308 bob hanger/7304 bob hanger/flora/Video Aug 29 2022, 10 15 33 AM.mov","Wix (1)/_quarantine_duplicates/20260216-211126/802 mango (1)/7308 bob hanger/7304 bob hanger/flora/Video Aug 29 2022, 10 15 33 AM.mov",yes
"flora/Photo Dec 19 2022, 5 16 33 PM.jpg","802 mango (1)/7308 bob hanger/7304 bob hanger/flora/Photo Dec 19 2022, 5 16 33 PM.jpg","Wix (1)/_quarantine_duplicates/20260216-211126/802 mango (1)/7308 bob hanger/7304 bob hanger/flora/Photo Dec 19 2022, 5 16 33 PM.jpg",yes
"flora/Photo Dec 19 2022, 5 19 51 PM.jpg","802 mango (1)/7308 bob hanger/7304 bob hanger/flora/Photo Dec 19 2022, 5 19 51 PM.jpg","Wix (1)/_quarantine_duplicates/20260216-211126/802 mango (1)/7308 bob hanger/7304 bob hanger/flora/Photo Dec 19 2022, 5 19 51 PM.jpg",yes
"flora/Photo Dec 19 2022, 5 20 38 PM.jpg","802 mango (1)/7308 bob hanger/7304 bob hanger/flora/Photo Dec 19 2022, 5 20 38 PM.jpg","Wix (1)/_quarantine_duplicates/20260216-211126/802 mango (1)/7308 bob hanger/7304 bob hanger/flora/Photo Dec 19 2022, 5 20 38 PM.jpg",yes
"flora/Photo Dec 19 2022, 5 16 42 PM.jpg","802 mango (1)/7308 bob hanger/7304 bob hanger/flora/Photo Dec 19 2022, 5 16 42 PM.jpg","Wix (1)/_quarantine_duplicates/20260216-211126/802 mango (1)/7308 bob hanger/7304 bob hanger/flora/Photo Dec 19 2022, 5 16 42 PM.jpg",yes
"flora/Video Aug 29 2022, 10 15 42 AM.mov","802 mango (1)/7308 bob hanger/7304 bob hanger/flora/Video Aug 29 2022, 10 15 42 AM.mov","Wix (1)/_quarantine_duplicates/20260216-211126/802 mango (1)/7308 bob hanger/7304 bob hanger/flora/Video Aug 29 2022, 10 15 42 AM.mov",yes
"flora/Video Aug 29 2022, 10 13 05 AM.mov","802 mango (1)/7308 bob hanger/7304 bob hanger/flora/Video Aug 29 2022, 10 13 05 AM.mov","Wix (1)/_quarantine_duplicates/20260216-211126/802 mango (1)/7308 bob hanger/7304 bob hanger/flora/Video Aug 29 2022, 10 13 05 AM.mov",yes
"flora/Photo Dec 19 2022, 5 18 00 PM.jpg","802 mango (1)/7308 bob hanger/7304 bob hanger/flora/Photo Dec 19 2022, 5 18 00 PM.jpg","Wix (1)/_quarantine_duplicates/20260216-211126/802 mango (1)/7308 bob hanger/7304 bob hanger/flora/Photo Dec 19 2022, 5 18 00 PM.jpg",yes
"flora/Photo Dec 19 2022, 5 17 01 PM.jpg","802 mango (1)/7308 bob hanger/7304 bob hanger/flora/Photo Dec 19 2022, 5 17 01 PM.jpg","Wix (1)/_quarantine_duplicates/20260216-211126/802 mango (1)/7308 bob hanger/7304 bob hanger/flora/Photo Dec 19 2022, 5 17 01 PM.jpg",yes
"flora/Video Aug 29 2022, 10 15 19 AM.mov","802 mango (1)/7308 bob hanger/7304 bob hanger/flora/Video Aug 29 2022, 10 15 19 AM.mov","Wix (1)/_quarantine_duplicates/20260216-211126/802 mango (1)/7308 bob hanger/7304 bob hanger/flora/Video Aug 29 2022, 10 15 19 AM.mov",yes
"flora/Video Aug 29 2022, 10 15 56 AM.mov","802 mango (1)/7308 bob hanger/7304 bob hanger/flora/Video Aug 29 2022, 10 15 56 AM.mov","Wix (1)/_quarantine_duplicates/20260216-211126/802 mango (1)/7308 bob hanger/7304 bob hanger/flora/Video Aug 29 2022, 10 15 56 AM.mov",yes
"flora/Photo Dec 19 2022, 5 19 38 PM.jpg","802 mango (1)/7308 bob hanger/7304 bob hanger/flora/Photo Dec 19 2022, 5 19 38 PM.jpg","Wix (1)/_quarantine_duplicates/20260216-211126/802 mango (1)/7308 bob hanger/7304 bob hanger/flora/Photo Dec 19 2022, 5 19 38 PM.jpg",yes
"flora/Video Sep 22 2022, 10 29 16 AM.mov","802 mango (1)/7308 bob hanger/7304 bob hanger/flora/Video Sep 22 2022, 10 29 16 AM.mov","Wix (1)/_quarantine_duplicates/20260216-211126/802 mango (1)/7308 bob hanger/7304 bob hanger/flora/Video Sep 22 2022, 10 29 16 AM.mov",yes
"flora/Photo Dec 19 2022, 5 16 25 PM.jpg","802 mango (1)/7308 bob hanger/7304 bob hanger/flora/Photo Dec 19 2022, 5 16 25 PM.jpg","Wix (1)/_quarantine_duplicates/20260216-211126/802 mango (1)/7308 bob hanger/7304 bob hanger/flora/Photo Dec 19 2022, 5 16 25 PM.jpg",yes
"flora/Photo Dec 19 2022, 5 19 28 PM.jpg","802 mango (1)/7308 bob hanger/7304 bob hanger/flora/Photo Dec 19 2022, 5 19 28 PM.jpg","Wix (1)/_quarantine_duplicates/20260216-211126/802 mango (1)/7308 bob hanger/7304 bob hanger/flora/Photo Dec 19 2022, 5 19 28 PM.jpg",yes
"flora/Photo Dec 19 2022, 5 17 19 PM.jpg","802 mango (1)/7308 bob hanger/7304 bob hanger/flora/Photo Dec 19 2022, 5 17 19 PM.jpg","Wix (1)/_quarantine_duplicates/20260216-211126/802 mango (1)/7308 bob hanger/7304 bob hanger/flora/Photo Dec 19 2022, 5 17 19 PM.jpg",yes
"flora/Photo Dec 19 2022, 5 17 40 PM.jpg","802 mango (1)/7308 bob hanger/7304 bob hanger/flora/Photo Dec 19 2022, 5 17 40 PM.jpg","Wix (1)/_quarantine_duplicates/20260216-211126/802 mango (1)/7308 bob hanger/7304 bob hanger/flora/Photo Dec 19 2022, 5 17 40 PM.jpg",yes
"806 mango/Photo Feb 10 2021, 10 43 54 AM.jpg","806 mango/Photo Feb 10 2021, 10 43 54 AM (1).jpg","Wix (1)/_quarantine_duplicates/20260216-211126/806 mango/Photo Feb 10 2021, 10 43 54 AM (1).jpg",yes
"1930 bickers/Photo Sep 06 2023, 12 09 01 PM.jpg","802 mango (1)/1930 bickers/Photo Sep 06 2023, 12 09 01 PM.jpg","Wix (1)/_quarantine_duplicates/20260216-211126/802 mango (1)/1930 bickers/Photo Sep 06 2023, 12 09 01 PM.jpg",yes
"802 mango (1)/7308 bob hanger/7304 bob hanger/Photo Nov 05 2022, 11 52 31 AM.jpg","802 mango (1)/7308 bob hanger/7304 bob hanger/Photo Nov 05 2022, 11 52 31 AM (1).jpg","Wix (1)/_quarantine_duplicates/20260216-211126/802 mango (1)/7308 bob hanger/7304 bob hanger/Photo Nov 05 2022, 11 52 31 AM (1).jpg",yes
